{
  "taskList": [
    {
      "startX": 0, 
      "startY": 0, 
      "angle": 0, 
      "endLat": 32.03648507, 
      "areaNumber": 1, 
      "endY": 108, 
      "back_len": 10, 
      "turn_back_len": 10, 
      "heading": 0.19, 
      "startLon": 118.92454396, 
      "length": 108, 
      "mode": 1, 
      "endX": 0, 
      "endLon": 118.924544, 
      "startLat": 32.03647533, 
      "id": 1
    }, 
    {
      "startX": 0, 
      "startY": 108, 
      "angle": 90, 
      "endLat": 32.03648497, 
      "areaNumber": 1, 
      "endY": 108, 
      "back_len": 10, 
      "turn_back_len": 10, 
      "heading": 90.19, 
      "startLon": 118.924544, 
      "length": 339, 
      "mode": 1, 
      "endX": 339, 
      "endLon": 118.92457989, 
      "startLat": 32.03648507, 
      "id": 2
    }, 
    {
      "startX": 339, 
      "startY": 108, 
      "angle": 180, 
      "endLat": 32.03647523, 
      "areaNumber": 1, 
      "endY": 0, 
      "back_len": 0, 
      "turn_back_len": 10, 
      "heading": 180.19, 
      "startLon": 118.92457989, 
      "length": 108, 
      "mode": 2, 
      "endX": 339, 
      "endLon": 118.92457985, 
      "startLat": 32.03648497, 
      "id": 3
    }, 
    {
      "startX": 339, 
      "startY": 0, 
      "angle": 270, 
      "endLat": 32.03647533, 
      "areaNumber": 1, 
      "endY": 0, 
      "back_len": 10, 
      "turn_back_len": 10, 
      "heading": 270.19, 
      "startLon": 118.92457985, 
      "length": 339, 
      "mode": 1, 
      "endX": 0, 
      "endLon": 118.92454396, 
      "startLat": 32.03647523, 
      "id": 4
    }
  ], 
  "startToOriginPointLength": 0, 
  "originLat": 32.03647533, 
  "originLon": 118.92454396, 
  "taskName": "", 
  "heading": 0.19
}