{
  "chargingPileLat": 32.03646704, 
  "startToChargingPilePointLength": 0, 
  "originLon": 118.92454476, 
  "originHeading": 2, 
  "taskName": "1", 
  "originLat": 32.03647537, 
  "heading": 3.72, 
  "chargingPileLon": 118.92448833, 
  "taskList": [
    {
      "startX": 0, 
      "startY": 0, 
      "angle": 0, 
      "endLat": 32.03648563, 
      "areaNumber": 1, 
      "endY": 114, 
      "back_len": 10, 
      "turn_back_len": 10, 
      "heading": 3.72, 
      "startLon": 118.92454476, 
      "length": 114, 
      "mode": 1, 
      "endX": 0, 
      "endLon": 118.92454554, 
      "startLat": 32.03647537, 
      "id": 1
    }, 
    {
      "startX": 0, 
      "startY": 114, 
      "angle": 90, 
      "endLat": 32.03648365, 
      "areaNumber": 1, 
      "endY": 114, 
      "back_len": 10, 
      "turn_back_len": 10, 
      "heading": 93.72, 
      "startLon": 118.92454554, 
      "length": 339, 
      "mode": 1, 
      "endX": 339, 
      "endLon": 118.92458136, 
      "startLat": 32.03648563, 
      "id": 2
    }, 
    {
      "startX": 339, 
      "startY": 114, 
      "angle": 180, 
      "endLat": 32.03647339, 
      "areaNumber": 1, 
      "endY": 0, 
      "back_len": 0, 
      "turn_back_len": 10, 
      "heading": 183.72, 
      "startLon": 118.92458136, 
      "length": 114, 
      "mode": 2, 
      "endX": 339, 
      "endLon": 118.92458057, 
      "startLat": 32.03648365, 
      "id": 3
    }, 
    {
      "startX": 339, 
      "startY": 0, 
      "angle": 270, 
      "endLat": 32.03647537, 
      "areaNumber": 1, 
      "endY": 0, 
      "back_len": 10, 
      "turn_back_len": 10, 
      "heading": 273.72, 
      "startLon": 118.92458057, 
      "length": 339, 
      "mode": 1, 
      "endX": 0, 
      "endLon": 118.92454476, 
      "startLat": 32.03647339, 
      "id": 4
    }
  ]
}